Date,final,likes,comments,url
2023-01-27 11:49:42,julia pengang ra ri alami fjob hopeless pegimic dapet kerja menteri ketenagakerjaan ri ida fauziyah total juta pengangguran juta aataler lt laalg nopeless job hopeless job kondisi dimana pengangguran pesimis dapet pekerjaan hopeless job tingkat pendidikan rendah lowongan kerja langka budaya kerja berubah mostly pencari kerja mengutamakan work life balance worktainment wfh mismatched supply demand digitalisasi swipe ibimbing well banyaknya faktor diluar kontrol sulitnya nyari kerja udah masuk ranah faktor eksternal mimin keinget bukunya filosofi teras karyanya henry manampiring ngebahas konsep dikotomi kendali swipe alivimbing see berkarir ibimbing makinmahir dipusingkan kontrol sulitnya dapet kerja fokus kontrol contohnya tingkatin skill apply lowongan cari sertifikasi cari sertifikasi tingkatin skill ikuti program indigo dikasih pembekalan ningkatin skill digital dikasih kesempatan virtual internship sesuai minat oren prana internship go solusi magang online bersertifikat resmi interview kirim cv dapatkan pengalaman menyenangkan work anywhere batasan usia terbuka segalajurusan pelatihan digital skill magang sertifikat resmi perusahaan magang hadiah peserta magang terbaik perusahaan indigo monit screter inspre ohe hosnesa agree posisi magang tersedia graphic designer seon ad organic marketing social media full stack web daftar www denger kalimat hopeless job gak guys,418,6,https://scontent-iad3-1.cdninstagram.com/v/t51.2885-15/327331438_575173824476656_5278192117477474767_n.jpg?stp=dst-jpg_e35_p1080x1080&_nc_ht=scontent-iad3-1.cdninstagram.com&_nc_cat=104&_nc_ohc=Bl8z7NDOOvoAX-8rkwM&edm=APU89FABAAAA&ccb=7-5&oh=00_AfA2dIQypcy2OiOsv1x05w1c-8NcwgGKE_X54IZgWmPZfQ&oe=647CCAF7&_nc_sid=f4eaf9
2023-01-26 11:15:27,alibimbing lina hoa zulfi bajra si scope ere tg fi meant berkarir mioimbin fe error ino makinmahir zulfimemiliki keterbatasan fisik iniia sukses kepegawaian daerah bkd pemerintah provinsi jawa timur eu lali eta oa pa ce hat cree pcogny iarear cal tot vn bc te foal ed seer big data simester zu bertugas developing aplikasi website sistem berjalan platform mobile well zulfiemang dikenal handal coding front end back end swipe rrteite keahlian dimiliki kelebihan ki stevan kitasemua wy qibiriving front end development bootcamp pelajari membangun tampilan website html css bootstrap react langsung web developer berpengalaman helena natanael priambudi lintang software engineer software engineer fiqri pratama web platform tiket com fullstack developer btpri unicorn company daftar www qibiriving back end web development bootcamp pelajari membangun database api mysql node js express js langsung web developer berpengalaman ferianto surya fari qodria senior software engineer steven kie staff revenue assurance senior software engineer fraud system tokopedia unicorn company management telkomsel daftar www kenalan yuk zulfi bajra sosok programmer penyandang disabilitas big data asn jawa timur,582,10,https://scontent-iad3-2.cdninstagram.com/v/t51.2885-15/327161350_705602641224282_7138486179914634603_n.jpg?stp=dst-jpg_e35_p1080x1080&_nc_ht=scontent-iad3-2.cdninstagram.com&_nc_cat=106&_nc_ohc=yfSRJARDtNwAX8mJk9o&edm=APU89FABAAAA&ccb=7-5&oh=00_AfB_9OS0ZI0dg95SdF-kQaT82i3nSwhPGQmpzD7uenY6Jg&oe=647CA996&_nc_sid=f4eaf9
2023-01-26 04:56:20,pt jasuindo maa self ey es ay good hy ao berkarir al ibimbing makinmahir corporate training jasuindo menyediakan peeatinan leadership topik self driving good drivers oe eo oeee eeegeee es materi meliputi introduction whatis self driving learning self driving solution howto bea good driver apply self driving business collaborative activities good leader penasaran keseruannya yuk tonton cuplikannya swipe berkolaborasi mengadakan training silakan kunjungi business corporate training klik link bio corporate training pt jasuindo perkasa self driving good drivers,68,0,https://scontent-iad3-2.cdninstagram.com/v/t51.2885-15/327421884_1048980529837956_1223666767075830385_n.jpg?stp=dst-jpg_e35_p1080x1080&_nc_ht=scontent-iad3-2.cdninstagram.com&_nc_cat=100&_nc_ohc=NxwkC16Ej2UAX_HDwz6&edm=APU89FABAAAA&ccb=7-5&oh=00_AfDCBp30LUIumbPxxU9Yhk0nmMMysxxA0xPaNlofLgm6iw&oe=647C735D&_nc_sid=f4eaf9
2023-01-25 11:02:29,sih orang ao berkarir al ibimbing makinmahir sadar gak sih ceo perusahaan mostly keturunan india satya nadella ceo microsoft sundar pichai ceo alphabet inc tilagele treisfeyijniey cumaitu hobi banget ome eaemg ogajarcoding youtube alivimbing pastinya kar eee eee india universitas teknologi kelas duniayang bukti sistem pendidikannya mumpuni qs world university rankings tau parag subject engineering technology ag ceo neni twitter alumni indian london united kingdom institute bon nt technology iit diakui dunia eindhoven university technology swipe rrateite pola teas number indians mother tongue english scroll data census india gampang nih menguasai programming emang pakai bahasaini eee berkarir ibimbing makinmahir lowongan kerja bidang gelcak mate le ele ls eleie hs cseireiirey perusahaan tech terkenal hire upahnya murah upahdi skill kalah programmer profesional oe eooee eoeoeoeoeuw aeoema ctfeotfns microsoft oracle cisco co nee ales al av orarane makinmahir setuju gak video belajar coding ngebantu banget qibiriving front end development bootcamp pelajari membangun tampilan website html css bootstrap react langsung web developer berpengalaman helena natanael priambudi lintang software engineer software engineer fiqri pratama web platform tiket com fullstack developer btpri unicorn company daftar www qibiriving back end web development bootcamp pelajari membangun database api mysql node js express js langsung web developer berpengalaman ferianto surya fari qodria senior software engineer steven kie staff revenue assurance senior software engineer fraud system tokopedia unicorn company management telkomsel daftar www kepikiran gak sih orang india jago,458,1,https://scontent-iad3-1.cdninstagram.com/v/t51.2885-15/327428236_1587133341793432_6945523337177407146_n.jpg?stp=dst-jpg_e35_p1080x1080&_nc_ht=scontent-iad3-1.cdninstagram.com&_nc_cat=104&_nc_ohc=lJoaR248NQoAX_78VkN&edm=APU89FABAAAA&ccb=7-5&oh=00_AfBIH3KZFvcGGFrddHqp-pnxLJHxXGf-BlCyxbuyTg2FKQ&oe=647C6F75&_nc_sid=f4eaf9
2023-01-25 04:56:23,beso tn ee bites ao berkarir al ibimbing makinmahir materi bimbingan mentor expert kelas students bootcamp diajari biar kerja eae ol fasilitas cvand linkedin review langsung direquest tim talent support oe oeoeoeeeeeee halo tim talent support wibi ene layanan cv linkedin cane halo kak maaf bootcamp batch ui ux design batch kak kak full kak besok selasa memo tcl erties rel eak cy ar ny el ace ce kasih infonya skrg besok mi cv linkedinnya dipersiapkan besok yaa kak el uec um ne illa seren co pane swipe alibimbing tsel pakaimasker halo tim talent support bootcamp bootcamp digital marketing batch ng layanan konsultasi instruktur halo kak kak rabu kamis minggu kak konsultasi meta ads sih kak konsultasinya berdua orang batch consulting back halo teman teman sobat bootcamp kesulitan mengikuti bootcamp bantuan memahami materi tugas konsultasi seputar seleksi kerja consulting hadir libur memfasilitasi tem temen sesi konsultasi one one group te oo berkarir makinmahir layanan konsultasi_ instruktur memperdalam materi biar ngerti berkarir ibimbing makinmahir om online sel des pesan panggilan terenkripsi end end chat whatsapp membaca mendengarkannya ketuk info selengkapnya kak coba ki karir available nya aja ya bootcamp ui ux batch hi kak kak kak hai kak silahkan booking ya bia ki mata whe nsieaesdconnioame persiapan kerjanya min uw eos snemarrnanicnmesonaor cere ji ee ee messages calls end end encrypted one outside chat even whatsapp read listen tap learn disappearing messages turned tap change halo tim talent support ne bootcamp back end web development bootcamp batch layanan ele cla jadwal available selasa besok jam wib kak kak available pred ohh besok jam siang ya kak kalo rabu kamis kah kak esi bisaa kak rabu oo te tein nl clae ese lancar deg degan swipe rte ea career preparation students bootcamp didukung talent support pekerjaan impian dapatkan kesempatan langsung present recruiter seputar career preparation talent showcase langsung aja hubungitim admission konsultasi gratis talent support nyalurin kerja lulusan bootcamp,94,1,https://scontent-iad3-2.cdninstagram.com/v/t51.2885-15/327292532_534609635132711_4591971144525965211_n.jpg?stp=dst-jpg_e35_p1080x1080&_nc_ht=scontent-iad3-2.cdninstagram.com&_nc_cat=111&_nc_ohc=evtlAhhI-poAX_9-krG&edm=APU89FABAAAA&ccb=7-5&oh=00_AfDwDcWzwuRZJBXdd7q-oP0Ak9LoeMzTSRRATrSi7y6U_w&oe=647C014F&_nc_sid=f4eaf9
2023-01-24 11:01:00,aaron shmacn social mediz manager rss ee gi artificial intelligences glivimbing makinmanir bermunculan tools al mempermudah pekerjaan ya erie wee wz media sosial tools al populer chatgpt zyro content generator copy ai fori miminnemu nih tools al ldaew kacau banget kacau artian mimin tools bisangancam pekerjaan social media manager fitur fiturnya canggih alibimbing berkarir makinmahir introducing al assistant al assistant please tell us caption write instagram post vista social announcing new ai assistant select unselect excited announce launch new al assistant new assist tant easily act vista soci accom ind get strap ih mary ing social fase prot rofl oats ady experien future social media vista social vistasocial al socialmedia futur clalmedia tools mimin maksud bernama vita social tools membantu posting konten bikin caption bales chat dm comment otomatis swipe ao berkarir al ibimbing makinmahir sayangnya secanggih apapun tool punyau els cevte eens mesti pertimbangin menghemat dijamin tool bikin konten medsos konsisten efektif kalo tone style bikin konten messaging kompleks unik bantu discover bergantung ide ide kreatif tool mengurangi menghemat biaya kreativitas kemampuanmu ambil keputusan fe eee peri era el ocelot pe ieneai ose iseitaecs elit emang sih al bikin kerja tetep aja peran manusia recheck fakta mengedit bikin konten humanis sets peri kehadiran tool al udah al ibimbing es open registration batch digital marketing bootcamp pelajari strategi digital marketing date kebutuhan industri praktisi digital berpengalaman wayan raka oka senior performance marcel liem marketing specialist hafidz baktyawan digital marketing manager igital mal ig ag ga pinhome crm clm martech lead ecommerce company gojek daftar www bermunculan tools ai mempermudah pekerjaan ya salah satunya media sosial,716,6,https://scontent-iad3-1.cdninstagram.com/v/t51.2885-15/327034664_226600083045406_1970801980924988706_n.jpg?stp=dst-jpg_e35_p1080x1080&_nc_ht=scontent-iad3-1.cdninstagram.com&_nc_cat=110&_nc_ohc=QMUSYSPLQ1kAX8_hEiv&edm=APU89FABAAAA&ccb=7-5&oh=00_AfCNIvl1shTkTfI18Ms7KdRx5ZtXAcjce1T-NUvnGA7_mw&oe=647D1DA5&_nc_sid=f4eaf9
2023-01-23 12:01:20,ate alasan eee nat ao pane qibiriving back end web development bootcamp pelajari membangun database api mysql node js express js langsung web developer berpengalaman ferianto surya fari qodria senior software engineer steven kie staff revenue assurance senior software engineer fraud system tokopedia unicorn company management telkomsel daftar www indonesia darurat tenaga programmer sorotan media nur islami data peta okupasi tenaga ti indonesia indonesia kekurangan tenaga pemrogram dok unsplash luis llerena direktur digital pt telkom indonesia muhammad fajrin menilai kurangnya sdm bidang digital teknologi programmer coe penyebab perusahaan indonesia merekrut sdm aa poe ane makinmanir perusahaan perusahaan meng hire programmer negara india aera australia mencari orangnya indonesia susah qivimbing makinkiahir hidup tenang ngoding well dipikir pikir pekerjaan programmer emang mudah ya orang tertarik coding mimin kasih pendapat mimin indonesia kekurangan programmer udah level mengkhawatirkan swipe qivimbing paaaeinianat lulusan programmer penelitian lulusan indonesia berkarier programmer jurusan berbeda relevan berhasil programmer nih ane rol ra ta programmer dianggap profesi bikin pusing nyeremin fikst impression orang awam profesi programmer pusing begadang aon hice ane makinmanir qivimbing paaaeinianat positifnya nih fasilitas belajar programming ngoding ter update ya indonesia orang udah aware tertarik prospek profesi programmer idr source glassdoor source glassdoor idr idr source glassdoor source glassdoor belajar cek ya program ming ngerasa gak sih programmer indonesia gak,618,12,https://scontent-iad3-2.cdninstagram.com/v/t51.2885-15/326499466_215620717514262_4927416985377508795_n.jpg?stp=dst-jpg_e35_p1080x1080&_nc_ht=scontent-iad3-2.cdninstagram.com&_nc_cat=106&_nc_ohc=jVmTefxb1isAX942wre&edm=APU89FABAAAA&ccb=7-5&oh=00_AfBU8mx-rxleBzb9l_2XtZbdA2iXpQMKLURw4S5RUq1cpA&oe=647CF45D&_nc_sid=f4eaf9
2023-01-23 04:53:41,kunci sukses pe ag er ta jual produk kuasai pacar aivimbing mokinnaenir video masak sambel viral fyp mu gak yap brand eatsambel milik yansen gunawan berhasil kuasain market share pendapatan harinya tembus rp juta rp juta gimana sih strategi bisnis dilakuin cari uang te yansen ngebuat eatsambel solusi pecinta pedes makan enak kondisi apapun repot nyiapin makanan dapur berkarir qivimbing makinmahir risetuntuk dapatkan cita ciamik dapet cocok dilidah orang eatsambel ngelaxnin riset vat pre supe dipust proses detail soccer swipe aivimbing berkarir makinmahir branding branding branding eatsambel manfaatin platform online support bisnisnya aktif tiktok kesan humoris cumaitu collab public figure papan kayak nagita slavina raditya dika ced qroimoing eter bisnis maju berkembang pesat yuk dapetin strategi digital marketing ala agency program kali berperan digital agency benefits oe oeoe memperoleh orang talent digital marketing mengembangkan umkm dibuatkan brand identity social media dimiliki pembiayaan iklan facebook instagram ads google ads hinggarp dibuatkan website pembuatan memperoleh pengembangan terpapar digital marketing kesempatan merekrut talent talent terbaik swipe qivimbing paaaeinianat benefit dapatkan daftar februari dapatkan strategi digital marketing ala agency bisnismu contact person sulthan whatsapp yaa rahasia sukses eatsambel sampe jualan produk kuasai pasar,174,0,https://scontent-iad3-2.cdninstagram.com/v/t51.2885-15/326453069_837435507331061_810437290394105757_n.jpg?stp=dst-jpg_e35_p1080x1080&_nc_ht=scontent-iad3-2.cdninstagram.com&_nc_cat=105&_nc_ohc=1UVhwkD_nV4AX9EPYXU&edm=APU89FABAAAA&ccb=7-5&oh=00_AfDGW18XLhGQGoH49nwo41Qp2jB-4CYHCAig5xwx1YkROA&oe=647C2B9D&_nc_sid=f4eaf9
2023-01-20 12:22:43,ane sri mulyani fo st htc ee ec al ey ast en cd et emang sih orang kepengen kerja wfh kembalikan wfh jalanan macet polusi bikin produktif tandatangani petisi petisinya udah ditandatangani orang swipe oe kari livimbing mekinmanir ees su vip jamstack community remote work alasan stay pekerjaan nya respondennya berani ngambil langkah resign kerja wfo xixixi ft ft wa ngatur jam kerja ea capek ketemu macetnya jalan tinggal orang tua hemat duit ane makinmanir orang orang kerjanya mesti hadir dilapangan untungnya nih profesi digital ngebuka lowongan kerja wfh ya ss oe bersertfikat indigo ane makinmanir program indigo ng suka plus dikasih kesempatan magang virtual pengalaman kirim cv interview oren prana internship go solusi magang online bersertifikat resmi interview kirim cv dapatkan pengalaman menyenangkan work anywhere batasan usia terbuka segalajurusan pelatihan digital skill magang sertifikat resmi perusahaan magang hadiah peserta magang terbaik perusahaan indigo monit screter inspre ohe hosnesa agree posisi magang tersedia graphic designer seon ad organic marketing social media full stack web daftar www emang iya ya anak muda zaman gak suka kantor alias suka wfh,1261,20,https://scontent-iad3-2.cdninstagram.com/v/t51.2885-15/326306547_212158204509305_3918932416688653080_n.jpg?stp=dst-jpg_e35_p1080x1080&_nc_ht=scontent-iad3-2.cdninstagram.com&_nc_cat=105&_nc_ohc=1VxgBm8qvxIAX_RmDsK&edm=APU89FABAAAA&ccb=7-5&oh=00_AfA8nm54mzViT4TME9xbJEuTb8jXt7Mlgwr5ES3Mjz_twQ&oe=647D31DA&_nc_sid=f4eaf9
2023-01-19 12:03:45,rahasia power kepepet mostly works qivimbing paaaeinianat gak niat nyicil tugas pas ngerjain susah mikir giliran mepet deadline muncul ide bagus kerjaan cepet kelar benernya penjelasan ilmiah power kepepet works ane makinmanir alasannya karenao fungsi otak reptil bikin pikiran fokus menyelamatkan terdesak adrenalin otak berkolaborasi nyuruh tindakan kebayang cari jalan ante rte tingginya produksi hormon adrenalin bikin otak dipaksa mikir cepet fokus kondisi kayak ginijustru munculide idecemerlang berkarir makinmahir kebayang worst case nya kepepet suka mikir jelek jelek mencegah otak otomatis maksa lakuin gimanapun ane rola paras ta power kepepet emang works sih tapiin cases ininggak recommended pas persiapan cv daninterview butuh proses latihan andalin ya ngerjain dicicil plus nya disesuaikan aja kondisinya fs oren prana internship go solusi magang online bersertifikat resmi interview kirim cv dapatkan pengalaman menyenangkan work anywhere batasan usia terbuka segalajurusan pelatihan digital skill magang sertifikat resmi perusahaan magang hadiah peserta magang terbaik perusahaan indigo monit screter inspre ohe hosnesa agree posisi magang tersedia graphic designer seon ad organic marketing social media full stack web daftar www orang orang deadiners merapat,168,0,https://scontent-iad3-2.cdninstagram.com/v/t51.2885-15/326295593_1227161791563999_193952377629664222_n.jpg?stp=dst-jpg_e35_p1080x1080&_nc_ht=scontent-iad3-2.cdninstagram.com&_nc_cat=103&_nc_ohc=-bQbtmbzrQwAX--55ge&edm=APU89FABAAAA&ccb=7-5&oh=00_AfCSe36mMU-tk-zhaSaxXlycyK5151yXd-R7Uk9N__uvBw&oe=647D2E5B&_nc_sid=f4eaf9
2023-01-19 05:09:43,tt berkarir yo ail ps sd pea arsiter lulusan teknik essidsl quel aay renata py tig ane earearebs yuk kenalan rian rian faisal asqhor ux researcher specialist ifg life alumni bootcamp uiux product design batch ees ecorse alasan shifting career arsitek ux researcher rian faisal asqhor ux researcher specialist ifg life alumni bootcamp uiux product design batch arnie epona alasan milih bootcamp rian faisal asqhor ux researcher specialist ifg life alumni bootcamp uiux product design batch berkarir ibimbing makinmahir jejak rian berani shifting career yuk berkarirmakinmahir cco ui ux product design bootcamp pelajari beragam materi ul ux design meliputi ux research ui design ux writing product design praktisi digital profesional tiavita herdiana jevan jovandy product design yusuf arezany senior uil ux designer ss ww gjaib ux research lead ula daftar lulusan teknik arsitektur ux researcher loh guys,400,1,https://scontent-iad3-1.cdninstagram.com/v/t51.2885-15/325890129_146949538168087_9013920604697896775_n.jpg?stp=dst-jpg_e35_p1080x1080&_nc_ht=scontent-iad3-1.cdninstagram.com&_nc_cat=107&_nc_ohc=IT-PazSduMEAX_tE603&edm=APU89FABAAAA&ccb=7-5&oh=00_AfBRi1LzOWo2njgmOuhjmFd6RNp7HEZMjNInNy3lBBPVIA&oe=647B66BE&_nc_sid=f4eaf9
2023-01-18 12:20:25,scar mero sih belajar ux writing qivimbing paaaeinianat liat lowongan kerja ux writer salah kualifikasinya copywriting nulis copy marketing contohnya kayak gini bonus points preferably years working experience hands digital ux writer design sensibility ability integrate copy design well ecosystem copywriting experience designing digital product logistics solutions product saas company experience building working content copy style guide ane poni tear ux writing copywriting berbeda kalo ouat belajar ux writing cebenernya perly purya ee copywriting gak anas jawabannya ux writer pemahaman bahasa komunikasi desain interak kemampuan copywriting pinter milih kosakata luas ngebantu bikin pesan simpl point berkarir ibimbing makinmahir pengen belajar ux writing tapinggak dasar copywriting pelajarin selengkapnya qivimbing makinmahir ui ux product design bootcamp pelajari beragam materi ul ux design meliputi ux research ul design ux writing product design praktisi digital profesional tiavita herdiana product design yusuf arezany enior esigner ey ee wa aib ux research lead pintu sale ul daftar ww emangnya belajar ux writing copywriting yaa,241,0,https://scontent-iad3-2.cdninstagram.com/v/t51.2885-15/326038378_1604427523334478_8803065091001756342_n.jpg?stp=dst-jpg_e35_p1080x1080&_nc_ht=scontent-iad3-2.cdninstagram.com&_nc_cat=106&_nc_ohc=JqD2BpRV-igAX-AxVQ3&edm=APU89FABAAAA&ccb=7-5&oh=00_AfA9ZFfLISbgJxiSGPD296MSp8zMrfWGDLozyFs1krTA0g&oe=647B83B1&_nc_sid=f4eaf9
2023-01-18 04:56:26,nee qivimbing makinbani dilansir landing page business facebook brand meta ads berhasil naikin penjualannya brand oppo garnier pepsi lays unilever pepsico thailand drivingyfood beverage online sales facebook collaborative ads swipe brand brand pakai_ strategi nge ads fitur cpas collabora tion performance advertising solution fitur ngarahin customer langsung marketplace pakai biar journey orang beli singkat udah tuh website jualan swipe qivimbing paaaeinianat materi cpas diajarin bootcamp full stack digital marketing loh diajarin cpas cpas use benefit cpas ea activate connect cpas marketplace catalog creating cpas ads metrics measure best practice tips tricks daftar bootcamp digital marketing batch kuotanya terisi start kelas januari qivimbing paaaeinianat open registration batch digital marketing bootcamp pelajari strategi digital marketing date kebutuhan industri praktisi digital berpengalaman wayan raka oka senior performance marcel liem marketing specialist hafidz baktyawan digital marketing manager ig jal ig ig pa pananome crm clm martech lead ecommerce company gojek yaa rahasia oppo garnier pepsi naikin penjualan ngiklan facebook,94,0,https://scontent-iad3-1.cdninstagram.com/v/t51.2885-15/325986901_204689825378613_3867879832602520544_n.jpg?stp=dst-jpg_e35_p1080x1080&_nc_ht=scontent-iad3-1.cdninstagram.com&_nc_cat=109&_nc_ohc=dro9PSX5wVMAX_N5Fg5&edm=APU89FABAAAA&ccb=7-5&oh=00_AfBcLBAJPATOWc__eAIm-AEGCs9tr0iHoTVEroQpMlzwbA&oe=647C4332&_nc_sid=f4eaf9
2023-01-17 11:48:15,ante peer qivimbing paaaeinianat nyambungnya sebenernya pesan tersembunyi promosi iklan rok indonesia nampilin wujud produknya blak blakan udah diatur kebijakan pemerintah __ gimana promosinya gitu ar strategi advert message tersembu halus pesannya diterima liat orang nyebat iklan rok liat logo instalasi cirikhasnya nyampein value qivimbing makinkiahir attitude branding iklan rok ngejual emosi dibangun gambar simbol tagline disesuain karakter kondisi pasarnya contoh iklan ininampilin kritikan relevan kejadian kkonsumen bikin terwakili terlepas banyaknya aturan batasin bukti kunci merek rokok tetep eksis kreativitas subliminal message btw kalo liat iklan rokok malem tuh bawaannya suka bikin gelisah deh ngerasain gak sih qivimbing paaaeinianat open registration batch digital marketing bootcamp pelajari strategi digital marketing date kebutuhan industri praktisi digital berpengalaman wayan raka oka senior performance marcel liem marketing specialist hafidz baktyawan digital marketing manager ig jal ig ig pa pananome crm clm martech lead ecommerce company gojek iklan rokok suka ganyambung produknya,579,13,https://scontent-iad3-2.cdninstagram.com/v/t51.2885-15/325576385_589397459687801_4609498428527812445_n.jpg?stp=dst-jpg_e35_p1080x1080&_nc_ht=scontent-iad3-2.cdninstagram.com&_nc_cat=105&_nc_ohc=aGVRa0qNrWEAX_eR9AO&edm=APU89FABAAAA&ccb=7-5&oh=00_AfB-iMjRTBmbByyrnPtcGy11dmDzA5h44W3RSdx9ZeuNtw&oe=647CC812&_nc_sid=f4eaf9
2023-01-17 04:54:49,seta elt mempercayakan tet en rs le kemendikbud astra graphia agit pt bank central asia tbk cimb niaga kejaksaan ri pt sinar mas multiartha kementrian perdagangan dbs bank qivimbing paaaeinianat selamat bagialumni berhasil menyelesaikan bootcamp sii hammam irfantoro rian faisal asqhor ulfa prameidita kevin leo suwarti andhini zahra okto reinaldi ardiray syafutra io rana athifah tiara puti harita sapto nugroho ilhamsyah putra penyaluran kerja yuk join bootcamp dapatkan promonya perusahaan mempercayakan alumni,642,4,https://scontent-iad3-1.cdninstagram.com/v/t51.2885-15/325987779_503228685040738_2296590507953982705_n.jpg?stp=dst-jpg_e35_p1080x1080&_nc_ht=scontent-iad3-1.cdninstagram.com&_nc_cat=110&_nc_ohc=D0ul5hSV_EEAX-h1Lu8&edm=APU89FABAAAA&ccb=7-5&oh=00_AfCYzpZccw0wVNJDrr3QTtTEgxPCVb3uTKo7V-59VJEo_A&oe=647CDDAD&_nc_sid=f4eaf9
2023-01-16 11:51:04,ait pita semenjak elon musk ceo twitter banget perubahan kontroversial lakukan kebijakan kerja fitur fitur twitter dibilang nyeleneh bikin kesel user nya nih spill aja berubah twitter ant po ears biaya centang biru_ proses verified seribet dapetin centang biru membayar usd fitur bikin pbengguna kegocek akun akun parodi centang biru susah bedain asli palsu twitter nge rename tab home latest following tab liat tweet topik sesuai seleramu sistemnya fyp tiktok tab following isinya tweet akun follow keep making twitter worse vs following want twitter telling want see want see chose follow jan rb tayanga tweet kutipan suka jeff tiedrich ditsjefftiedrich important reminder folks messed twitter functions sure click following see tweets want see fills feed worthless garbage lance ulanoft default annoying twitter tiktok curated feed reason stop defaulting oe yuyu xid want fyp following page twitter liked seeing stuff ppl follow occasional might like content flooding timeline twitter stop shitty minute jan tayanga pee berkarir ibimbing makinmahir twitter working plan charge users watch videos would pay sio watch video twitter pay watch video twitter users leave platform nonton video berbayar twitter rencananya hadirin fitur berbayar video ngeaktifin paywall nya video twitter tonton gratis ux research design key kehadiran fitur twitter bertujuan ningkatin user experience penggunanya nyaman ux research design complete matang pos user tetep betah emakai aplikasinya ant porate menurutmu fitur fitur terbaru twitter ornay keanehan rasain pake app al lbimbing open registration batch ui ux product design bootcamp pelajari beragam materi ul ux design meliputi ux research ui design ux writing product design praktisi digital profesional tiavita herdiana jevan jovandy product design yusuf arezany senior ul ux designer fa oe ux research lead gjaib pintu ula daftar ya twitter aneh fitur tampilannya,431,7,https://scontent-iad3-2.cdninstagram.com/v/t51.2885-15/325770590_769842187893864_750264950345680305_n.jpg?stp=dst-jpg_e35_p1080x1080&_nc_ht=scontent-iad3-2.cdninstagram.com&_nc_cat=100&_nc_ohc=GhxWj0XMbyoAX9W9kZY&edm=APU89FABAAAA&ccb=7-5&oh=00_AfAM5vnS0-cXZujm1k4n9QqIItAJRknmsDVMNiQg08C73A&oe=647B6386&_nc_sid=f4eaf9
2023-01-15 04:56:52,okima bootcamp bayarnya cicilan ajahh damn kartu kredit belajar bootcamp penyaluran kerjanya nih pake danacita aja bayarnya dicicil bonus cashback va pp vivien adanacita smo gx ie sblustcerdas bayar kuliah kursus diawasi keuangan eo vo solusi cerdas bayar kuliah kursus cashback rp pendaftar danacita periode januari klaim cashbacknya mee ifello inleyinre pice upgrade skills ragu ragu,82,2,https://scontent-iad3-2.cdninstagram.com/v/t51.2885-15/325275655_482771517381039_3742012198280018123_n.jpg?stp=dst-jpg_e35_p1080x1080&_nc_ht=scontent-iad3-2.cdninstagram.com&_nc_cat=103&_nc_ohc=qnNBTemF1WoAX9_Hfz5&edm=APU89FABAAAA&ccb=7-5&oh=00_AfCsE8a2SE_ieupxIyHFGjFXwUiXtBwrjSHDKTi7GTqkKQ&oe=647C2F71&_nc_sid=f4eaf9
2023-01-14 08:07:50,al ibimbing aoa cieudahpada _lulusnih hall fame ist valuable student f_ muhammad arief es cek portofolionya bit ly porto_mvp_muhammadarief ist runner alfian tegar cek portofolionya bit ly porto_firstrunnerup_alfiantegar nd runner ga ghina afifah soa cek portofolionya bit ly porto_secondrunnerup_ghinaafifah swipe nibimbin keseruan graduation product management bootcamp batch rr ees berkarir alivimbing makinmahir ucapan selamat students bootcamp product management batch prpeton berkarir nq ibimbing pecs kesan pesan students product management bootcamp batch swipe mibimbing repeat jamboard graduation terima kasih students bootcamp product management batch semogailmu didapatkan dipraktikkan dunia kerja selamat menunaikan program penyaluran kerja al lbimbing bs open registration batch product management bootcamp pelajari product research product design agile methodology intensif product manager top tech company berpengalaman fadel muhammad product manager wisnu adryan destri amalia flip growth lead product lead ie boiivir glints sl el ny daftar www congraduations bootcamp product management batch,281,6,https://scontent-iad3-1.cdninstagram.com/v/t51.2885-15/325566275_746828109710929_1127628255750956523_n.jpg?stp=dst-jpg_e35_p1080x1080&_nc_ht=scontent-iad3-1.cdninstagram.com&_nc_cat=101&_nc_ohc=nR1wjRCoKlsAX9xmz2y&edm=APU89FABAAAA&ccb=7-5&oh=00_AfBgkAGozGrd0t6YD9bx5vJy6p04qqtAE22UxVn1e4vtSQ&oe=647C33DC&_nc_sid=f4eaf9
2023-01-14 04:58:10,ao berkarir al ibimbing makinmahir sih kaya ngandelin gaji ibimbing ee ene data darilendingtree gen udah side hustle cari cuan tambahan polling robet walters nunjukkin mayoritas gen nge claim kalo pandemi job doang toorisky alasannya gaji terima line living cost inflasi butuh side income disamping ngejar passion side hustle beauty vlogger fotografer bisnis kuliner dll perusahaan open minded perusahaan cemas kalo side hustle ganggu kerja karyawan bawa impact positif lho performa primary job nya ya side hustlers ngelatih time management side hustle pinter kerjaan diluar kantor terlantar ie berkarir arent wet kreatif inovatif side hustle bikin skillful insightful bekal terapin primary job ningkatin performance mu seegers peri happy employee productive employee berkarir ibimbing makinmahir kalo side hustle must jaman mentortalks side income easily effectively benefits didapatkan skill affiliator affiliate penghasilan rumah sharing singkat pengalaman keuntungan affiliate daftar bit ly mentortalks sideincome lupa klik reminder kelewatan acaranya ya event rescheduled january,109,0,https://scontent-iad3-2.cdninstagram.com/v/t51.2885-15/324878220_166509502779407_8893475033310959782_n.jpg?stp=dst-jpg_e35_p1080x1080&_nc_ht=scontent-iad3-2.cdninstagram.com&_nc_cat=111&_nc_ohc=H4wjTK7owHMAX-_aCru&edm=APU89FABAAAA&ccb=7-5&oh=00_AfDHelwaIDt6HYX506e4U9ImEuOSvaa8uP0HtXKs8oZJCQ&oe=647CE156&_nc_sid=f4eaf9
2023-01-13 08:15:24,digital skill om pelatihan topik digital skills gratis bersertifikat certincate ltt sate seri rekaman networking discount building belajar langsung bareng ahlinya saturersen kargo paxel stockbit aivimbing digital skill fair digital marketing zoom januari wib materi dipelajari introduction relevant career bootcamp program build impressive cv linkedin digital marketing fundamental material create engaging content copywriting digital marketing understanding facebook instagram prels ile loo pcl yoga walandac zaky muhammad syah facebook business manager senior copywriter saturensen ceo portfolio _certincate building lees networking bes pnpm bit ly dsfiidibimbing digital skill fair data science rroeai ee ey ey rt poy wib materi dipelajari career class introduction relevant career bootcamp program build impressive cv linkedin data science fundamental material data science hands python data type structure study case mentoring sharing sessi muhammad rois alhaqq aring session data engineer commerce company brett networking lees portfolio see building pnpm bit ly dsfiidibimbing digital skill fair business intelligence rroeai ee ey ey rt poy wib materi dipelajari career class introduction relevant career bootcamp program howto build impressive cv linkedin understanding business intelligence understanding sql data visualization sandi wanda harlan business intelligence pave eal brett ben building rekaman networking pnpm bit ly dsfiidibimbing dsf digital skill fair ui ux design free recat fz januari wib materi dipelajari career class introduction relevant career bootcamp program build impressive cv linkedin ui ux design fundamental material hands figma redesign app create simple portfolio mentoring session raden rizqan fadhilah lead product designer gravel bret networking ue esiieae olio building pnp bit ly dsfiidibimbing dsf digital skill fair product management cere ff januari wib materi dipelajari career class introduction relevant career bootcamp program build impressive cv linkedin understanding product management become problem solver use okr kplin product management product metrics analytics prep neane eee beat networking pnp ne bit ly dsfiidibimbing uti eatieare olio building dsf digital skill fair front end web dev rreteat januari wib materi dipelajari career class introduction relevant career bootcamp program build impressive cv linkedin understanding web development nei oh sai aw laksamana adhito front end engineer kargo ib ats owe networking portfolio gens building rekaman pnp bit ly dsfiidibimbing dsf digital skill fair back end web dev prevent januari wib materi dipelajari career class introduction relevant career bootcamp program build impressive cv linkedin understanding web development java script muhammad rahmatullah senior software engineer stocktit au olio eaitieae building pnp bit ly dsfiidibimbing beet networking dsf januari pendaftaran leet ela sampaijumpa digital skill fair klik notifikasi pengingat pojok kiriba biar lupa ya janganlupa share save bermanfaat digital skill fair,1604,224,https://scontent-iad3-1.cdninstagram.com/v/t51.2885-15/325238636_123049363798052_3395500129221282869_n.jpg?stp=dst-jpg_e35&_nc_ht=scontent-iad3-1.cdninstagram.com&_nc_cat=108&_nc_ohc=-xjxaFffrOgAX9PdJkN&edm=APU89FABAAAA&ccb=7-5&oh=00_AfCHZ6h7QGJn9tYkgfi8xdUYlybvHOQX9arJJEsXvplxWQ&oe=647CE7F2&_nc_sid=f4eaf9
2023-01-12 11:26:42,berkari ant makinmahir_ muka bonyok dihajar rampok orang rela mukanya dijadiin content marketing rar berkarir al ibimbing makinmahir bernie eccelestone founder ex ceo formula one group udah ngejabat dirampok dikeroyok jam tangan hublot senilai seharga milliar dicuri bernie eccelestone eee peri uniknya marah marah lapor polisi ecclestone difotoin muka bonyoknya ngirim pesan text ceo hublot isi pesan textnya kaya gini see people hublot berkarir ibimbing makinmahir gpeeaaheritabises ecclestone nyaranin hublot pake foto wajahnya bonyok content marketing senjualannya meroket tetep masukin pesan hublot mengutuk bentuk kekerasan rasisme biar konsumennya beli ngerasa aman swipe mimin sih dihajar ampe bonyok dirampok boro boro kepikiran ngonten yak gimana cerita tulis pendapat kolom komentar ya eee peri ngebahas cerita orang dikeroyok mimin inget berita al ibimbing es open registration batch digital marketing bootcamp pelajari strategi digital marketing date kebutuhan industri praktisi digital berpengalaman wayan raka oka senior performance marcel liem marketing specialist hafidz baktyawan digital marketing manager igital mal ig ag ga pinhome crm clm martech lead ecommerce company gojek daftar www yaa orang mukanya bonyok dihajar rampok eh rela mukanya dijadiin content marketing,664,2,https://scontent-iad3-2.cdninstagram.com/v/t51.2885-15/325311628_1119341192078724_6209746055361156290_n.jpg?stp=dst-jpg_e35_p1080x1080&_nc_ht=scontent-iad3-2.cdninstagram.com&_nc_cat=100&_nc_ohc=JejPsuhv59gAX81JSOp&edm=APU89FABAAAA&ccb=7-5&oh=00_AfDS7CfE8U7zHWAhZGB0KqyR5Db41jDTbck51TDhxy8n2A&oe=647BF302&_nc_sid=f4eaf9
2023-01-12 04:55:24,aibimbing livimbing hiring partners mencari product designer disalurkan kerja al lbimbing open registration batch ui ux product design bootcamp pelajari beragam materi ul ux design meliputi ux research ui design ux writing product design praktisi digital profesional tiavita herdiana jevan jovandy product design yusuf arezany senior ul ux designer fa oe ux research lead gjaib pintu ula daftar limited slot lewatkan kesempatanmu direkrut langsung campaign com hiring partners product designer dapatkan gaji kompetitif fresh graduate experienced graduate aja benefit dapatkan live class via zoom pertemuan extra video learning online materials practical exercises pertemuan weekly assignment memaksimalkan pemahaman materi real problems based mini project final project unlimited konsultasi pribadi instructor mentor ahli berpengalaman feedback summary konsultasi catatan kelewat akses video class modul pembelajaran lifetime batas career preparation service cv linkedin portfolio review interview practice talent showcase internship project latihan interview hr user penyaluran kerja swipe tr aja sihkelebihannya gy dapet sertifikat kelulusan dapatkan sertifikat bootcamp bikin menarik mata rekruter khusus best students dapet sertifikat certificate appreciation ee swipe eee ux research portfolio ux research case study pedulilindungi pedulilindungi journey map harflyanti falinda alumni bootcamp ui ux design semen ce ux writing portfolio starbucks application ux writing case study ellen viola sugiharto final proposed copy ellen viola alumni bootcamp ui ux design ui design app exploration portfolio attacea seventeen back pen cue tu around world ar ce seventeen th mini album attacca carat ver sapto nugroho alumni bootcamp ui ux design swipe ekspektasi gaji dapatkan lulus bootcamp product designer idr idr ui ux designer idr idr ui designer idr ux researcher idr idr ux writer idr sumber inews danacita digital skola indeed glassdoor campaign com hiring partners mencari product designer disalurkan kerja,594,1,https://scontent-iad3-1.cdninstagram.com/v/t51.2885-15/324544205_1602317223568921_28150729010528839_n.jpg?stp=dst-jpg_e35_p1080x1080&_nc_ht=scontent-iad3-1.cdninstagram.com&_nc_cat=101&_nc_ohc=gdNjYRn51XoAX-JQP4P&edm=APU89FABAAAA&ccb=7-5&oh=00_AfDTZg9jJ9GCU5nvB12MrjyeH3AnNi8rMRdvv2BvmTupRw&oe=647C1674&_nc_sid=f4eaf9
2023-01-11 10:54:58,teal il pj yy fol pa ant ya nulis segampang fea rh salah momen nyebelin menulis ngerasa stuck setuju gak yup belom nemuin writing style pas bs eaeinene lst crater pare bs georger martine penulis naskah game thrones bilang think types writers alibimbing architects plotters terbiasa bikin outline blueprint detail nutup kemung kinan nemu ide outline udah cocok ngerjain project terstruktur kaku butuh effort perubahan rowling stine brandon sanderson berkarir makinmahir gardeners pantsers big picture ide ditanam ngebiarin tulisannya grow flow ruang explore gampang stuck nulis george martin margaret atwood stephen king ngerasa banget cocoknya style gs sy rte ea beale oes berkarir ibimbing makinmahir well writing style skillmenulis diasah jago singkat butuh pengalaman ngulik menulis eee peri tipe penulis nih coba drop kolom komentar al ibimbing es open registration batch digital marketing bootcamp pelajari strategi digital marketing date kebutuhan industri praktisi digital berpengalaman wayan raka oka senior performance marcel liem marketing specialist hafidz baktyawan digital marketing manager igital mal ig ag ga pinhome crm clm martech lead ecommerce company gojek daftar www sobat mindi nih ngerasa susah banget ketemu berkaitan menulis,95,0,https://scontent-iad3-2.cdninstagram.com/v/t51.2885-15/324233886_156579147190493_2813262211496766557_n.jpg?stp=dst-jpg_e35_p1080x1080&_nc_ht=scontent-iad3-2.cdninstagram.com&_nc_cat=105&_nc_ohc=1s-HY42_1qcAX98OmGf&edm=APU89FABAAAA&ccb=7-5&oh=00_AfAsxAEJWZZ2vk83fRnzq5qhJF9cc0z2mmFoGHAdi6brPw&oe=647B6750&_nc_sid=f4eaf9
2023-01-11 07:51:38,berkarir vv edc ellie nih webinar gratis fresh graduate may berkarier dilndustr digital eee peri careertalk indigo beradaptasi dunia kerja fo eee ptt jumat januari wib alim anggono chief product officer mempelajari prospek karir bidang digital pentingnyamemiliki skill digital danrelevansinya kebutuhan pengembangan zaman proses penyusunan portofolio ideal ta coware cg stand berkarir industri digital ee group komunitas certificate moucher diskon indigo te berkarir al ibimbing makinmahir janganlupa pemenang hadiah rp diumumkan langsung yuk share temen temen udah ikutan indigo biar kelewatan acaranya jadikamu pemenangnya,81,1,https://scontent-iad3-2.cdninstagram.com/v/t51.2885-15/324708949_705566837810123_4423217363630359458_n.jpg?stp=dst-jpg_e35_p1080x1080&_nc_ht=scontent-iad3-2.cdninstagram.com&_nc_cat=111&_nc_ohc=x1GtrXlY4PwAX-v4SM8&edm=APU89FABAAAA&ccb=7-5&oh=00_AfDvuBHRbsDwZBAwlktcDXiPX3gNqgM87dRBJceDkHFcEg&oe=647D1C25&_nc_sid=f4eaf9
2023-01-11 05:06:44,eons berkarir al ibimbing makinmahir admission officer full time job description provide effective efficient administrative support customer manage student contracts starting giving contracts ensuring students signed documenting contracts call student pre test assessment reminder payment via text call admin things related students minimum diploma equivalent related discipline bachelor degree willbe plus domicile yogyakarta magetan solo sragen surakarta brebes strong proficiency demonstrated knowledge googlesuite excellent communication attention detail conscientious fast respons fast learner love talk people eons berkarir al ibimbing makinmahir talent support officer full time job description work closely students providing career preparation service organize job fairs recruitment showcase events coordinate hiring company identify talents needs synchronize talent needs hiring partners graduates talent resources provide assist career consultation regarding digital marketing ui ux product management fields requirements bachelor degree areputable university gpa excellent verbal written communication skills able deliver outstanding presentation high familiarity social media resume cv handling database able build professional networks adaptability interpersonal skills able work ina fast paced work environment good analytical thinking creativity initiative passionate digital skills must understanding talent recruitment process cv screening review interview experienced crm google workspace akeen understanding various job positions digital marketing ui ux product management eons berkarir al ibimbing makinmahir product operations manager bootcamp full time job description manages training programs learning experiences adult learners trains supervises class manager ensures feedback programs provide guidance correct problems improve learning experience works closely learning design team execute syllabus bootcamp manages students documents performance reports effectively works closely talent support team ensure quality students hiring program ensure customer experience accessing learning seamless andin line customer goals create prd timeline budgeting bootcamp responsibility ideas marketing products held develop product existing products new products requirements bachelor degree major field highly passionate education data science experience education management good project management human management resource skills excellent listening oral written communication critical thinking decision making skills prior leadership interpersonal skills customer oriented willing work passionately fast paced startup work environment aes berkarir al ibimbing makinmahir class manager paid internship job description manage daily class execution coordinate technical preparation class assignment grading every week mentors dedicate guide students learning program weekly class moderator program manage students assessment grading execute customer journey research moderator event product marketing able conduct internship least months gpa love talking people good communication skill passionate hear complaints constructive feedback ability turn unsatisfied customers valuable resource good analytical thinking passionate gain insights education learning program keen interest product management business intelligence digital marketing data science frontend backend uiux plus benefit bpjs kesehatan ketenagakerjaan full time private insurance full time thr year end bonus full time lunch allowance work anywhere wfa free access products please send resume portfolio january wib submit link cp kya hiring,2532,47,https://scontent-iad3-2.cdninstagram.com/v/t51.2885-15/324562659_470964575247195_6175763695687686381_n.jpg?stp=dst-jpg_e35_p1080x1080&_nc_ht=scontent-iad3-2.cdninstagram.com&_nc_cat=103&_nc_ohc=7IFVAm0x0loAX_2tUor&edm=APU89FABAAAA&ccb=7-5&oh=00_AfBlpG3h6cxRSWGh8IrG2Woi40HOoLxt8mt0ia5exEf0Gg&oe=647C4423&_nc_sid=f4eaf9
2023-01-10 10:53:11,alivimbing preis baca rules bit ly worksfess automated work udah nganggur lulus nyari magang susah banget ya pengalaman huhu translate tweet pm jan oeaee te cari kesempatan magang aja susah banget yak data dariecommurz program msib kemendikbud udah men alae oenurunan peserta posisi dibuka desember eons berkarir al ibimbing makinmahir sih perusahaan hiring freeze akibatnya posisi entry leve internship terpaksa buka oprec diberhentikan alasannya efisiens rliykj tg elas makinmahir eons berkarir al ibimbing makinmahir survei llh talent solutions responden gen udah khawatir prospek kerjanya berkarir makinmahir temen temen mahasiswa gimana ngerasa worry kesempatan magang berkurang ant dede abe ie mahasiswa gimana iv kamis januari wib host shafa amirah product officer ai narasumber fadhil ghifari head content aerie lupa klik reminder kelewatan acaranya ya sobat mindi nih ngerasa nyari kerja nyari magang susaah banget,210,3,https://scontent-iad3-2.cdninstagram.com/v/t51.2885-15/324404689_212390117917362_280134669362411819_n.jpg?stp=dst-jpg_e35_p1080x1080&_nc_ht=scontent-iad3-2.cdninstagram.com&_nc_cat=106&_nc_ohc=P_rz_Z22BDEAX9UfX9O&edm=APU89FABAAAA&ccb=7-5&oh=00_AfCs2uB7Kqdui1BkUEb-QhNUKX8TZAgEVT6es8PyX3lj8Q&oe=647C0C4A&_nc_sid=f4eaf9
2023-01-10 05:27:44,berkarir ibimbing makinmahir talent support nyalurin kerja lulusan bootcamp cs hha al artie wein aa berkarir alivimbing makinmahir talent showcase sih dengar penjelasannya head talent support annenova carolwyna head talent support glidimbing swipe berkarir croat makinmahir cs te onary bad cee regine wananda eee enema td berkarir al ibimbing makinmahir talent showcase lulusan bootcamp dimanjain banget kebutuhan penyaluran kerja portfolio building interview practice ec cca ha cv linkedinrevie arn oe ca unlimited lon session mentor mentor expert ee io swipe rrateiat rpcceeeactatd hy penyaluran kerja talent show case hubungi aja tim admission konsultasi gratis klik link dibio gpsemua isa upgrade dapatkan pekerjaan menjanjikan belajar digital skill digital marketing os data science cae uiux product design front end web development back end web development business intelligence aceteleammr lalcre aaiam disalurkan kerja persiapan karier refund tol hiring partners dibantu penyusunan cv portofolio interview pekerjaan practice talent support nyalurin kerja lulusan bootcamp,111,2,https://scontent-iad3-2.cdninstagram.com/v/t51.2885-15/324218922_728832115196622_2444249529965824139_n.jpg?stp=dst-jpg_e35_p1080x1080&_nc_ht=scontent-iad3-2.cdninstagram.com&_nc_cat=106&_nc_ohc=e1Yyz9KB_EwAX_tTJbZ&edm=APU89FABAAAA&ccb=7-5&oh=00_AfDBDYwitAE-kqNh9LpK_elIdHHDJo1RZMwjRPnUi641KQ&oe=647BF25C&_nc_sid=f4eaf9
2023-01-09 11:53:10,kokom si kocheng jutek pegawai kementerian mivimbin peran manusia digantikan al peran manusia digantikan kocheng keberadaan kucing bernama soleh djp muncul nih kucing bernama kokom kerja kementerian pupr aivimbing paac bast peran kokom tuh ngapain kementerian pupr perkenalkan kokom kocheng pupr translate tweet well kokom diharapkan warga aware update socmed kementerian pupr sih langsung kokom bikin citra tim socmed pupr humanis rliykj tg elas makinmahir yup biar bikin socmed bagus dapet attention audiens emang mesti kaku peran social media specialist emang mesti pinter ngeracik socmed nya strategi relevan disukai orang orang al ibimbing kalo pegawai kocheng digajipake apanih mending whiskas royal canin yak swipe al ibimbing es open registration batch digital marketing bootcamp pelajari strategi digital marketing date kebutuhan industri praktisi digital berpengalaman wayan raka oka senior performance marcel liem marketing specialist hafidz baktyawan digital marketing manager igital mal ig ag ga pinhome crm clm martech lead ecommerce company gojek daftar www udah kenal belom kokom si kucing jutek diangkat pegawai kementerian pupr yuk cek post,76,0,https://scontent-iad3-2.cdninstagram.com/v/t51.2885-15/324390382_689947669470066_4172429089560195825_n.jpg?stp=dst-jpg_e35_p1080x1080&_nc_ht=scontent-iad3-2.cdninstagram.com&_nc_cat=106&_nc_ohc=0mE3JZgi5ZIAX-xg2Bl&edm=APU89FABAAAA&ccb=7-5&oh=00_AfDffqz3fEW8VLK9WqmPviKrVpIt44eb0CliqnOmM_n8Wg&oe=647B7AA3&_nc_sid=f4eaf9
2023-01-07 06:02:14,ee berkarir alibimbing makinmahir cc upcoming ereeeven bulanjanuari biar berkarirmakinmahir alumnitalks web development langkah mudah karir indigo beradaptasi dunia kerja digital skill fair raranre poet aa tl lupa catat tanggalnya follow ig update upcoming free event januari biar berkarirmakinmahir,201,9,https://scontent-iad3-1.cdninstagram.com/v/t51.2885-15/323787747_553454646468225_2551627717904190090_n.jpg?stp=dst-jpg_e35_p1080x1080&_nc_ht=scontent-iad3-1.cdninstagram.com&_nc_cat=109&_nc_ohc=KrlsZP2-tucAX82mmdi&edm=APU89FABAAAA&ccb=7-5&oh=00_AfDhuFRz5gZ9BWoQajevO_rBW-IUY2BAOEcVCsc0XhEiFQ&oe=647C894A&_nc_sid=f4eaf9
2023-01-06 12:07:34,qubimbing oer belajar programming rp udah dapet materi ngoding pake golang video course online indigo belajar programming dasar disalurkan internship online real project base materi pelajari javascrip remote internship experience kolasprogramming introduction go yt er berkarir alibimbing makinmahir menyelesaikan video course nya mengikuti program magang sabi kerja full stack web developer fullstack web developer kuota dibuka peserta oy teers berkarir aa sara makinmahir certificate completion ks presented kylianmbappe finishing video course pelajari copywriting pemula fo zaky muhammad syah chief excecutive officer certificate completion date onovember certificate proudly presented kylian mbappe successfully completing internship program position copywriter company schoters ibimbing nih student mengikuti program indigo fx glibimbing hemat pakai kode voucher dapatkan ekstra diskon min berlangganan daftar program indigo indigo klik link bio produktif banget belajar segudang topik programming dapetin magang loh,63,0,https://scontent-iad3-1.cdninstagram.com/v/t51.2885-15/323869154_1208799426415737_3555686648837557904_n.jpg?stp=dst-jpg_e35_p1080x1080&_nc_ht=scontent-iad3-1.cdninstagram.com&_nc_cat=109&_nc_ohc=z9G_bvk-OAkAX9uQHDC&edm=APU89FABAAAA&ccb=7-5&oh=00_AfCYGAqlCLWpGLf0DZPey7s6ynQ-vLGod5nqL7J6D-qVGg&oe=647B6033&_nc_sid=f4eaf9
2023-01-06 08:03:40,ters speared rol lihat pemenangnya gi ee eon berkarir sarah eis careertalk indigo beradaptasi dunia kerja fo eee ptt jumat januari wib alim anggono chief product officer mempelajari prospek karir bidang digital pentingnyamemiliki skill digital danrelevansinya kebutuhan pengembangan zaman proses penyusunan portofolio ideal ta coware cg stand berkarir industri digital ee group komunitas certificate moucher diskon indigo mie berkarir mibimbing makinmahir udah ikutan skip event ya tau pemenangnya lupa tag temen udah ikutan program indigo biar ketinggalan event careertalk indigo beradaptasi dunia kerja,35,4,https://scontent-iad3-1.cdninstagram.com/v/t51.2885-15/323841080_540848954647766_947242370842438948_n.jpg?stp=dst-jpg_e35_p1080x1080&_nc_ht=scontent-iad3-1.cdninstagram.com&_nc_cat=102&_nc_ohc=hUD-NeAJN5oAX90oY7r&edm=APU89FABAAAA&ccb=7-5&oh=00_AfCy5gxvXlJNzrb5LZziDpmokMsp1U5YyhxuYoJdfxTJMA&oe=647C99E3&_nc_sid=f4eaf9
2023-01-05 11:49:14,mibimbing rekomendasi tools ariificial intelligence rt lt ro berkarir rn ilbimbing makinmahir bearly ai bearlyai save hundreds hours reading writing world best al ee anelol tools al membantu menghemat berjam jam research copywriting faster al ncu ra cau een ona cnc tools berfungsi membantu menulis copywriting caption posting blog email glibimbing aoe copy ai wire hiring use casos resources wooklydomos pricing say goodbye blank page oo get free account today credit card required ee berkarir ibimbing makinmahir thoughtful writing reimagined orchard helps writers ideate iterate innovate building new kind text editor designed make creative al meaningful blogs essays newsletters writing matters membantu copywriter mencari ide berinovasi eens berkarir al lbimbing makinmahir copysmith al content creation solution enterprise ecommerce create launch distribute marketing content scale tools deskripsi produk advertising campaigns seo metadata tagline campaign hitungan menit pop ne oe berkarir miimiving makinmahir bc atele aly bb er taw cela bs theopanay mean rec ar nrc ate ecr compelling authentic writing tools seringkali kesulitan menemukan pas os oo berkarir ibimbing eris belajar copywriting content writing digital marketing lengkap ikuti programnya al ibimbing es open registration batch digital marketing bootcamp pelajari strategi digital marketing date kebutuhan industri praktisi digital berpengalaman wayan raka oka senior performance marcel liem marketing specialist hafidz baktyawan digital marketing manager igital mal ig ag ga pinhome crm clm martech lead ecommerce company gojek daftar www rekomendasi tools artificial intelligence copywriting,243,3,https://scontent-iad3-2.cdninstagram.com/v/t51.2885-15/323799612_153441670805945_8310722374638457696_n.jpg?stp=dst-jpg_e35_p1080x1080&_nc_ht=scontent-iad3-2.cdninstagram.com&_nc_cat=105&_nc_ohc=GY4f3fci5EwAX-j5WSS&edm=APU89FABAAAA&ccb=7-5&oh=00_AfAWtjO_lww1mm2MRzNkKrYDEGNfz9CE8_2MHuP4Ibgg8A&oe=647C6D66&_nc_sid=f4eaf9
2023-01-05 05:09:13,oo berkarir mibimbing makinmahir nangis dipukul nangis putus einta temen konsultasi fajar konsultasi karier uiux product design expert mentors tech companies terbaik indonesia pintu linkaja ojaib gojek mamikos com sn sea wt ea berkarir alibimbing makinmahir topik konsultasi tersedia panduan pengerjaan case study vv panduan menyusun review portofolio vv user mock interview uiux product designer vv tips trick recruitment process uiux product designer plus extra career preparations cv review linkedin review interview practice talent showcase hiring partners oo berkarir ibimbing makinmahir terbuka pemula cocok fresh graduate career switcher al lbimbing open registration batch ui ux product design bootcamp pelajari beragam materi ul ux design meliputi ux research ui design ux writing product design praktisi digital profesional tiavita herdiana jevan jovandy product design yusuf arezany senior ul ux designer fa oe ux research lead gjaib pintu ula daftar berkarirmakinmahir mentor diajak curhat konsultasi seputar karier boocamp uiux product design diajarin mentornya aja online dipandu persiapan kariernya,554,3,https://scontent-iad3-1.cdninstagram.com/v/t51.2885-15/323924551_1224565864825466_6406575738990762220_n.jpg?stp=dst-jpg_e35_p1080x1080&_nc_ht=scontent-iad3-1.cdninstagram.com&_nc_cat=102&_nc_ohc=aPFnLbWzJV0AX_NpewO&edm=APU89FABAAAA&ccb=7-5&oh=00_AfD24DQje10U97le34J8GNequcPMuAHfd-sBbR34oo0YFg&oe=647C77D7&_nc_sid=f4eaf9
2023-01-04 12:05:41,al ilbimbing back end developer jago bahasa pemrograman sih agit esi ext ca lilg asti makinmahir tools ee itm berkarir satan makinmahir kunci membantu memahami bahasa pemrograman algoritma pemrogramanlt cibicabing algoritma pemrograman paham algoritma pem rograman urutan langkah langkah logis penyelesaian disusun logis sistematis swipe qibiriving makinmahir ilmu algoritma tersusunnya program terstruktur algoritma berperan proses informasi algoritma analisis proses jadijika bee berkarir lbimbing fb inakinmanir kabar baiknya bootcamp back end web development dipersiapkan paham algoritma pemrograman pertemuan om rh algoritma contoh ls fae sl ad med swipe takut duluan ya belajar back end web development yuk pelajari materinya lengkap bootcamp back end web development lagiada promo gede qibiriving back end web development bootcamp pelajari membangun database api mysql node js express js langsung web developer berpengalaman ferianto surya fari qodria senior software engineer steven kie staff revenue assurance senior software engineer fraud system tokopedia unicorn company management telkomsel daftar www back end developer jago bahasa pemograman sih,64,0,https://scontent-iad3-1.cdninstagram.com/v/t51.2885-15/323699490_891309642001154_3341380112888424520_n.jpg?stp=dst-jpg_e35_p1080x1080&_nc_ht=scontent-iad3-1.cdninstagram.com&_nc_cat=102&_nc_ohc=He3Z8_WgJecAX9ZbBKZ&edm=APU89FABAAAA&ccb=7-5&oh=00_AfBNENmr-_ThlDcPFtBDc2qYL-NYZGJ9IfsdObhT8_V8MA&oe=647B659B&_nc_sid=f4eaf9
2023-01-04 04:57:05,pa berkarir ibimbing makinmahir harllagi event gratis calon programmer software developer bersertifikat iran paar alumnitalks web development langkah mudah karir ra jum januari wib anastasia rugun system analyst partners alumni bootcamp web development batch special voucher grup komunit certificate,237,11,https://scontent-iad3-1.cdninstagram.com/v/t51.2885-15/323368410_1303606780422637_3071372428762076223_n.jpg?stp=dst-jpg_e35_p1080x1080&_nc_ht=scontent-iad3-1.cdninstagram.com&_nc_cat=101&_nc_ohc=_3qTphCEcDoAX9XHF14&edm=APU89FABAAAA&ccb=7-5&oh=00_AfDy8uEKUr-V788L76NqHxef8HgC2aiIhgSx2j3zSI92KA&oe=647B5D13&_nc_sid=f4eaf9
2023-01-03 11:51:37,cibimiving data scientist pekerjaan work life balance nya mase si telling friend happy working data scientist source tiktok swipe erkarir riset glassdoor data scientist peringkat profesi memiliki work life balance terbaik hasil riset didapatkan data scientist revie positif glassdoor glassdoor ulasan perusahaan karyawan data scientist meningkati peringkat teratas peringkat work life balance ibimbing bs well tingkat work life balance gaji data scientist terbilang wow dilndonesia much data scientist make jakarta indonesia area experience industry years experience industries dr high confidence mo total pay idr mo idr mo base pay idr idr idr mo additional pay idr idr likely range possible range swipe wt al ibimbing open registration batch data science bootcamp pelajari mengolah menganalisa membangun model machine learning data python sql langsung praktisi data pengalaman arif romadhan senior data scientist grady matthias pararawendy data science senior data scientist everm unicorn tech company alldfresh daftar www emang ya kerja gajinya gede tetep work life balance,192,4,https://scontent-iad3-1.cdninstagram.com/v/t51.2885-15/323651309_688320999660645_1073961522377265861_n.jpg?stp=dst-jpg_e35_p1080x1080&_nc_ht=scontent-iad3-1.cdninstagram.com&_nc_cat=109&_nc_ohc=WUnB0UdBLeMAX-YoI7y&edm=APU89FABAAAA&ccb=7-5&oh=00_AfCqIPgV-k0rWjGkgaTXX6fhpaKKWhQ0FTaJi7d8a6uU_Q&oe=647BA97A&_nc_sid=f4eaf9
2023-01-03 07:56:28,ibimbing bs happy graduation xy hall fame ist valuable student febbri anggraini cek portofolionya bit ly portofolio_anggrainife ist runner aissya jelitawati cek portofolionya bit ly portofolio_aissya nd runner bayu dwi prastyo ag cek portofolionya bit ly portofolio_bayudwi swipe sinead xy keseruan graduation ui ux design bootcamp batch qlivimbing certificate appreciation ex ry berkarir ses makinmahir peduli lindungi pandemic app disaster risk management radiva nida nabila different kind homepage mode ate different mode mode activato different kind situaton sivimbing bs terima kasih students bootcamp ui ux design batch semoga ilmu didapatkan dipraktikkan dunia kerja selamat menunaikan program penyaluran kerja al lbimbing open registration batch ui ux product design bootcamp pelajari beragam materi ul ux design meliputi ux research ui design ux writing product design praktisi digital profesional tiavita herdiana jevan jovandy product design yusuf arezany senior ul ux designer fa oe ux research lead gjaib pintu ula daftar congraduations bootcamp ui ux design batch,92,0,https://scontent-iad3-1.cdninstagram.com/v/t51.2885-15/323280598_6071146489596640_5551090952411413778_n.jpg?stp=dst-jpg_e35_p1080x1080&_nc_ht=scontent-iad3-1.cdninstagram.com&_nc_cat=104&_nc_ohc=l5LWqy0tU8kAX80aWsv&edm=APU89FABAAAA&ccb=7-5&oh=00_AfAPaorrzA5CO5pkdd_O4nbRpicH3UwEy4DZHm9jNR6m4w&oe=647C9FDD&_nc_sid=f4eaf9
2023-01-03 04:47:01,sarjana menganggur sesuai kebutuhan pasar berdasarkan data bps agustus pengangguran indonesia tercatat juta orang fh ay tingkat pengangguran terbukasebesar persen orang angkatan kerja pengangguran al ibimbing bs kabar sedihnya lulusan sma smk diploma sarjana kontribusi angka pengangguran sesuai kebutuhan pasar kerja pekerja dilndonesia diisi pekerja dengantingkat pendidikan smp faktor sarjana menganggur tingkat kualitas pendidikan merata banyakcalonpekerja sarjana memenuhi kriteria lowongan pekerjaan kesempatan terbatas berani bisnis pendapat tolong diskusi dicomment ya swipe gibimbing mumpung optimis sih ningkatin skill menghadapi tantangan optimis aware et berkarir aibimbing makinmahir bootcamp pilihan ningkatin skill bidang digital materi pelatihannya sesuai kebutuhan industri mentor berpengalaman tersedia program penyaluran kerja lulus bs rs bs alumni gaji ok banget ikutan nih promo claim es swipe new enperes diskon diskon bootcamp indigo min extra potongan berlangganan dapinrserarang oinmaticager sobat mindi udah baca berita sedih banget bacanya,74,0,https://scontent-iad3-1.cdninstagram.com/v/t51.2885-15/323714761_215130957586501_6330769917198856867_n.jpg?stp=dst-jpg_e35_p1080x1080&_nc_ht=scontent-iad3-1.cdninstagram.com&_nc_cat=101&_nc_ohc=xdquIp2POngAX_Ff52b&edm=APU89FABAAAA&ccb=7-5&oh=00_AfBRGCKOdf9CVh0O39j5DwBSmWo1X6JOzuVE67uqkzh5Fw&oe=647D1FCD&_nc_sid=f4eaf9
2023-01-02 05:12:38,topik bootcamp buka promo gibimbing bs open registration batch digital marketing bootcamp pelajari strategi digital marketing date kebutuhan industri praktisi digital berpengalaman wayan raka oka senior performance marcel liem marketing specialist hafidz baktyawan digital marketing manager ig jal ig ig pa pananome crm clm martech lead ecommerce company gojek al ibimbing open registration batch ui ux product design bootcamp pelajari beragam materi ul ux design meliputi ux research ui design ux writing product design praktisi digital profesional tiavita herdiana jevan jovandy product design yusuf arezany senior uil ux designer ee gjaib ux research lead pintu daftar al ibimbing open registration batch product management bootcamp pelajari product research product design agile methodology intensif product manager top tech company berpengalaman fadel muhammad product manager wisnu adryan destri amalia flip growth lead product lead ie moiivii glints daftar uf al ibimbin open registration batch data science bootcamp pelajari mengolah menganalisa membangun model machine learning data python sql langsung praktisi data pengalaman arif romadhan senior data scientist grady matthias pararawendy everm data science senior data scientist unicorn tech company allfresh _diskon ets daftar www cibiriving ht front end development bootcamp pelajari membangun tampilan website html css bootstrap react langsung web developer berpengalaman helena natanael priambudi lintang software engineer software engineer fiqri pratama web platform tiket com fullstack developer btpri unicorn company daftar cibiriving ht back end web development bootcamp pelajari membangun database api mysql node js express js langsung web developer berpengalaman ferianto surya fari qodria senior software engineer steven kie staff revenue assurance senior software engineer fraud system tokopedia unicorn company management telkomsel wy ex ai ibimbing open registration batch business intelligence tingkatkan kemampuan pengambilan keputusan bisnis efektif akurat ilmu data science lanjutan senior data scientist berpengalaman muhammad hadi abdullah ghiffari data scientist data scientist bukalapak andy pangaribuan vp engineering treasury daftar new year new skill,83,2,https://scontent-iad3-1.cdninstagram.com/v/t51.2885-15/323544621_5911642115567984_6181270024251151249_n.jpg?stp=dst-jpg_e35_p1080x1080&_nc_ht=scontent-iad3-1.cdninstagram.com&_nc_cat=108&_nc_ohc=_es0zCurapUAX9XtmcX&edm=APU89FABAAAA&ccb=7-5&oh=00_AfBGUrd3BgtLObADM-iPozx7geYaWOLDKSazWk6Wd_EiGw&oe=647BE741&_nc_sid=f4eaf9
